1.088646392822265625e+02,-1.057828545570373535e+00,4.876916706562042236e-01,1.764973144531250000e+02,5.000000000000000000e+00,-1.000000000000000000e+00
1.133678131103515625e+02,1.352320909500122070e+00,5.071757316589355469e+00,2.342437133789062500e+02,5.000000000000000000e+00,-1.000000000000000000e+00
1.655107307434082031e+01,1.598773747682571411e-01,5.986923694610595703e+00,1.733575057983398438e+01,0.000000000000000000e+00,-1.000000000000000000e+00
2.319123840332031250e+01,2.930209636688232422e-01,6.728084087371826172e-01,2.496648025512695312e+01,0.000000000000000000e+00,-1.000000000000000000e+00
2.267366790771484375e+01,7.486398816108703613e-01,1.036539912223815918e+00,3.013878822326660156e+01,0.000000000000000000e+00,-1.000000000000000000e+00
3.030290222167968750e+01,1.848818540573120117e+00,1.292597174644470215e+00,9.876259613037109375e+01,0.000000000000000000e+00,-1.000000000000000000e+00
6.331407928466796875e+01,-4.637451767921447754e-01,5.414135932922363281e+00,7.121018218994140625e+01,0.000000000000000000e+00,-1.000000000000000000e+00
1.048222503662109375e+02,-3.700799942016601562e-01,4.407742023468017578e+00,1.131052246093750000e+02,5.000000000000000000e+00,-1.000000000000000000e+00
1.242941894531250000e+02,2.641461193561553955e-01,2.025009393692016602e+00,1.296106262207031250e+02,5.000000000000000000e+00,-1.000000000000000000e+00
3.319802474975585938e+01,-1.731038212776184082e+00,4.860982894897460938e+00,9.682364654541015625e+01,0.000000000000000000e+00,-1.000000000000000000e+00
3.867282867431640625e+01,1.805981755256652832e+00,1.481141686439514160e+00,1.209698944091796875e+02,0.000000000000000000e+00,-1.000000000000000000e+00
4.128381729125976562e+01,1.901984572410583496e+00,4.872193813323974609e+00,1.417619476318359375e+02,5.000000000000000000e+00,-1.000000000000000000e+00
5.465017318725585938e+01,-1.265779137611389160e+00,2.333972752094268799e-01,1.052027587890625000e+02,5.000000000000000000e+00,-1.000000000000000000e+00
6.703656005859375000e+01,-2.825149297714233398e-01,4.832319736480712891e+00,7.005012512207031250e+01,0.000000000000000000e+00,-1.000000000000000000e+00
1.077304000854492188e+02,1.558609843254089355e+00,2.291490554809570312e+00,2.675458374023437500e+02,4.000000000000000000e+00,-1.000000000000000000e+00
1.561071205139160156e+01,2.024576902389526367e+00,5.767253398895263672e+00,6.029013824462890625e+01,0.000000000000000000e+00,-1.000000000000000000e+00
2.023373603820800781e+01,1.766995310783386230e+00,7.969915866851806641e-01,6.100944137573242188e+01,4.000000000000000000e+00,-1.000000000000000000e+00
3.638016891479492188e+01,9.860886335372924805e-01,3.426657199859619141e+00,5.594026947021484375e+01,5.000000000000000000e+00,5.645944118499755859e+00
6.224343109130859375e+01,8.259326815605163574e-01,4.210528373718261719e+00,8.509837341308593750e+01,0.000000000000000000e+00,-1.000000000000000000e+00
7.366598510742187500e+01,1.398100018501281738e+00,5.905414581298828125e+00,1.591643371582031250e+02,0.000000000000000000e+00,-1.000000000000000000e+00
8.111579895019531250e+01,2.270761966705322266e+00,2.864373683929443359e+00,3.972291564941406250e+02,0.000000000000000000e+00,-1.000000000000000000e+00
8.196128082275390625e+01,-1.569133368320763111e-03,3.779601335525512695e+00,8.303147888183593750e+01,0.000000000000000000e+00,-1.000000000000000000e+00
1.362469177246093750e+02,1.167390823364257812e+00,2.559581995010375977e+00,2.409548492431640625e+02,5.000000000000000000e+00,-1.000000000000000000e+00
2.050072021484375000e+02,1.504135847091674805e+00,3.714431524276733398e-01,4.845070495605468750e+02,4.000000000000000000e+00,-1.000000000000000000e+00
1.961954689025878906e+01,1.340727686882019043e+00,6.038617610931396484e+00,4.084700393676757812e+01,0.000000000000000000e+00,-1.000000000000000000e+00
1.870715141296386719e+01,1.710344195365905762e+00,2.626004457473754883e+00,5.363747787475585938e+01,5.000000000000000000e+00,-1.000000000000000000e+00
3.369706344604492188e+01,1.251833200454711914e+00,1.408644556999206543e+00,6.433236694335937500e+01,5.000000000000000000e+00,4.510920047760009766e+00
7.336146545410156250e+01,2.134096622467041016e+00,2.813436508178710938e+00,3.150057983398437500e+02,5.000000000000000000e+00,-1.000000000000000000e+00
6.313643264770507812e+01,4.969653785228729248e-01,5.573022842407226562e+00,7.270822906494140625e+01,0.000000000000000000e+00,-1.000000000000000000e+00
6.728221893310546875e+01,1.544757008552551270e+00,5.506357669830322266e+00,1.653635559082031250e+02,0.000000000000000000e+00,-1.000000000000000000e+00
1.696925163269042969e+01,2.001771688461303711e+00,3.357960939407348633e+00,6.415753936767578125e+01,0.000000000000000000e+00,-1.000000000000000000e+00
1.873616218566894531e+01,-7.146080732345581055e-01,2.274111270904541016e+00,2.425659179687500000e+01,4.000000000000000000e+00,-1.000000000000000000e+00
2.020382690429687500e+01,-8.619633913040161133e-01,5.371109962463378906e+00,2.916815948486328125e+01,0.000000000000000000e+00,-1.000000000000000000e+00
2.608596038818359375e+01,-2.382786273956298828e+00,1.276518702507019043e-01,1.426771392822265625e+02,0.000000000000000000e+00,-1.000000000000000000e+00
4.607284545898437500e+01,1.351748466491699219e+00,5.352786540985107422e+00,9.523769378662109375e+01,0.000000000000000000e+00,-1.000000000000000000e+00
7.833816528320312500e+01,4.284216165542602539e-01,1.947621822357177734e+00,8.648706054687500000e+01,5.000000000000000000e+00,-1.000000000000000000e+00
8.038462829589843750e+01,9.933904558420181274e-02,3.366487920284271240e-01,8.110258483886718750e+01,0.000000000000000000e+00,-1.000000000000000000e+00
8.723501586914062500e+01,-4.028212726116180420e-01,4.088727474212646484e+00,9.519931030273437500e+01,5.000000000000000000e+00,6.866364479064941406e+00
1.632487487792968750e+01,-2.385524511337280273e+00,1.244579255580902100e-01,8.945362091064453125e+01,0.000000000000000000e+00,-1.000000000000000000e+00
3.480918884277343750e+01,2.144320487976074219e+00,4.159694671630859375e+00,1.506756286621093750e+02,5.000000000000000000e+00,-1.000000000000000000e+00
3.739648437500000000e+01,4.793171882629394531e+00,5.427680969238281250e+00,2.256741455078125000e+03,0.000000000000000000e+00,-1.000000000000000000e+00
5.232941818237304688e+01,6.372171044349670410e-01,4.827909946441650391e+00,6.529672241210937500e+01,5.000000000000000000e+00,-1.000000000000000000e+00
5.431004333496093750e+01,2.644309759140014648e+00,5.905378341674804688e+00,3.842423095703125000e+02,0.000000000000000000e+00,-1.000000000000000000e+00
9.618013763427734375e+01,1.583859086036682129e+00,1.574768543243408203e+00,2.445539703369140625e+02,4.000000000000000000e+00,1.388753223419189453e+01
1.834649276733398438e+01,-1.298568695783615112e-01,3.426407337188720703e+00,1.890500259399414062e+01,0.000000000000000000e+00,-1.000000000000000000e+00
3.177491378784179688e+01,-1.512125968933105469e+00,2.298936843872070312e+00,7.610928344726562500e+01,0.000000000000000000e+00,-1.000000000000000000e+00
2.517376518249511719e+01,1.759764432907104492e+00,2.034954547882080078e+00,7.560839080810546875e+01,0.000000000000000000e+00,-1.000000000000000000e+00
2.569583511352539062e+01,-3.483187437057495117e+00,2.427330493927001953e+00,4.188007812500000000e+02,0.000000000000000000e+00,-1.000000000000000000e+00
1.551408538818359375e+02,-5.083628296852111816e-01,3.212513923645019531e-01,1.764702911376953125e+02,0.000000000000000000e+00,1.944895362854003906e+01
1.552704925537109375e+02,-9.871748685836791992e-01,3.282078504562377930e+00,2.375494232177734375e+02,5.000000000000000000e+00,-1.000000000000000000e+00
1.836138458251953125e+02,-5.951756238937377930e-01,5.145721912384033203e+00,2.183952789306640625e+02,5.000000000000000000e+00,1.809296846389770508e+00
2.196428489685058594e+01,8.428370580077171326e-03,2.340240716934204102e+00,2.330441856384277344e+01,0.000000000000000000e+00,-1.000000000000000000e+00
2.489129638671875000e+01,-4.085421085357666016e+00,3.547995805740356445e+00,7.403300781250000000e+02,0.000000000000000000e+00,-1.000000000000000000e+00
3.137305450439453125e+01,-9.916887283325195312e-01,2.695450544357299805e+00,4.892675399780273438e+01,5.000000000000000000e+00,-1.000000000000000000e+00
3.805395889282226562e+01,1.730400919914245605e+00,4.422084808349609375e+00,1.109027404785156250e+02,4.000000000000000000e+00,-1.000000000000000000e+00
5.668152999877929688e+01,6.321905851364135742e-01,1.935771226882934570e+00,6.982501220703125000e+01,0.000000000000000000e+00,-1.000000000000000000e+00
1.288641204833984375e+02,6.077661514282226562e-01,2.520410060882568359e+00,1.562434539794921875e+02,0.000000000000000000e+00,-1.000000000000000000e+00
1.199274749755859375e+02,1.399378418922424316e+00,5.561641216278076172e+00,2.585201416015625000e+02,0.000000000000000000e+00,-1.000000000000000000e+00
1.251137161254882812e+02,1.980637431144714355e+00,6.186166286468505859e+00,4.621263732910156250e+02,5.000000000000000000e+00,-1.000000000000000000e+00
2.033102226257324219e+01,1.481086134910583496e+00,3.063313066959381104e-01,4.715013122558593750e+01,0.000000000000000000e+00,-1.000000000000000000e+00
3.970070648193359375e+01,3.146203607320785522e-02,3.285374641418457031e+00,3.987392044067382812e+01,0.000000000000000000e+00,-1.000000000000000000e+00
4.884010314941406250e+01,-9.465103745460510254e-01,1.814020872116088867e+00,7.278497314453125000e+01,0.000000000000000000e+00,-1.000000000000000000e+00
6.119282531738281250e+01,-2.246796041727066040e-01,3.795619010925292969e+00,6.316001510620117188e+01,5.000000000000000000e+00,2.958848953247070312e+00
1.665008735656738281e+01,9.665750712156295776e-02,3.251009941101074219e+00,1.747127914428710938e+01,0.000000000000000000e+00,-1.000000000000000000e+00
1.678002166748046875e+01,-7.677490115165710449e-01,5.341282844543457031e+00,2.242295074462890625e+01,5.000000000000000000e+00,-1.000000000000000000e+00
7.097084808349609375e+01,-4.222882390022277832e-01,4.368181228637695312e+00,7.870880126953125000e+01,0.000000000000000000e+00,-1.000000000000000000e+00
1.232515029907226562e+02,3.540757298469543457e-01,3.788682699203491211e+00,1.319405822753906250e+02,0.000000000000000000e+00,-1.000000000000000000e+00
1.587054538726806641e+01,-6.712992191314697266e-01,3.290927410125732422e+00,1.983275413513183594e+01,0.000000000000000000e+00,-1.000000000000000000e+00
3.635426330566406250e+01,-1.899058938026428223e+00,4.474483013153076172e+00,1.241856918334960938e+02,0.000000000000000000e+00,-1.000000000000000000e+00
4.503164291381835938e+01,-1.770886033773422241e-02,3.424789905548095703e+00,4.621680831909179688e+01,4.000000000000000000e+00,-1.000000000000000000e+00
4.554919052124023438e+01,-1.540224671363830566e+00,1.339722126722335815e-01,1.114776535034179688e+02,0.000000000000000000e+00,-1.000000000000000000e+00
5.513330459594726562e+01,-2.262662649154663086e+00,1.570393919944763184e+00,2.679256591796875000e+02,5.000000000000000000e+00,-1.000000000000000000e+00
6.782166290283203125e+01,4.392017424106597900e-01,3.672485947608947754e-01,7.595202636718750000e+01,0.000000000000000000e+00,-1.000000000000000000e+00
6.904267120361328125e+01,-1.013754725456237793e+00,2.273532897233963013e-01,1.086268844604492188e+02,0.000000000000000000e+00,-1.000000000000000000e+00
7.779632568359375000e+01,-3.888961374759674072e-01,4.582334518432617188e+00,8.463256072998046875e+01,0.000000000000000000e+00,-1.000000000000000000e+00
1.085032119750976562e+02,-5.394887924194335938e-01,2.895401716232299805e+00,1.266638946533203125e+02,5.000000000000000000e+00,-1.000000000000000000e+00
4.099351882934570312e+01,1.786618113517761230e+00,4.781244754791259766e+00,1.261488952636718750e+02,5.000000000000000000e+00,-1.000000000000000000e+00
8.361084747314453125e+01,2.406061410903930664e+00,1.863963842391967773e+00,4.674997253417968750e+02,5.000000000000000000e+00,-1.000000000000000000e+00
2.376378059387207031e+01,-6.575960516929626465e-01,2.822515726089477539e+00,2.971134185791015625e+01,0.000000000000000000e+00,-1.000000000000000000e+00
2.745340538024902344e+01,4.359887599945068359e+00,1.941303730010986328e+00,1.074301635742187500e+03,0.000000000000000000e+00,-1.000000000000000000e+00
2.787242507934570312e+01,8.214269876480102539e-01,5.365654826164245605e-01,3.858405303955078125e+01,5.000000000000000000e+00,-1.000000000000000000e+00
9.404177856445312500e+01,-1.567608356475830078e+00,3.132764339447021484e+00,2.355240173339843750e+02,5.000000000000000000e+00,-1.000000000000000000e+00
1.030441589355468750e+02,1.431896328926086426e+00,6.270911216735839844e+00,2.289319763183593750e+02,4.000000000000000000e+00,-1.000000000000000000e+00
1.235776214599609375e+02,2.091232538223266602e+00,2.984817028045654297e-01,5.078532409667968750e+02,0.000000000000000000e+00,-1.000000000000000000e+00
1.419177398681640625e+02,-5.838131308555603027e-01,3.740451097488403320e+00,1.677209777832031250e+02,0.000000000000000000e+00,-1.000000000000000000e+00
3.682855224609375000e+01,4.106238365173339844e+00,5.492241680622100830e-02,1.118415405273437500e+03,0.000000000000000000e+00,-1.000000000000000000e+00
3.778238296508789062e+01,-2.151448726654052734e-01,5.599965095520019531e+00,3.904430007934570312e+01,0.000000000000000000e+00,-1.000000000000000000e+00
5.261473083496093750e+01,-1.761310577392578125e+00,1.421998500823974609e+00,1.577772216796875000e+02,0.000000000000000000e+00,-1.000000000000000000e+00
8.220288848876953125e+01,-7.573401927947998047e-02,3.393324375152587891e+00,8.289053344726562500e+01,5.000000000000000000e+00,5.403613090515136719e+00
1.003284378051757812e+02,1.072601005434989929e-01,4.233826398849487305e-01,1.014828033447265625e+02,0.000000000000000000e+00,-1.000000000000000000e+00
2.395481414794921875e+02,-2.125914394855499268e-01,7.742568850517272949e-01,2.498002166748046875e+02,5.000000000000000000e+00,1.078615093231201172e+01
2.289786148071289062e+01,-4.796425819396972656e+00,5.660981655120849609e+00,1.386303222656250000e+03,0.000000000000000000e+00,-1.000000000000000000e+00
3.057313919067382812e+01,1.532255530357360840e+00,1.522636711597442627e-01,7.474677276611328125e+01,5.000000000000000000e+00,-1.000000000000000000e+00
6.678483581542968750e+01,2.020473003387451172e+00,3.446928024291992188e+00,2.567467956542968750e+02,0.000000000000000000e+00,-1.000000000000000000e+00
1.097662811279296875e+02,1.342406153678894043e+00,4.911351680755615234e+00,2.249641265869140625e+02,0.000000000000000000e+00,-1.000000000000000000e+00
1.577128219604492188e+01,-2.205435037612915039e+00,3.099822044372558594e+00,7.260426330566406250e+01,0.000000000000000000e+00,-1.000000000000000000e+00
1.858500671386718750e+01,-1.702785193920135498e-01,4.129906177520751953e+00,1.930227088928222656e+01,4.000000000000000000e+00,-1.000000000000000000e+00
2.019049644470214844e+01,-1.401120185852050781e+00,7.108022570610046387e-01,4.355084609985351562e+01,5.000000000000000000e+00,-1.000000000000000000e+00
2.140270614624023438e+01,-1.758497595787048340e+00,5.113611817359924316e-01,6.398717117309570312e+01,0.000000000000000000e+00,-1.000000000000000000e+00
2.396829795837402344e+01,-1.338701605796813965e+00,2.599298357963562012e-01,4.898613357543945312e+01,5.000000000000000000e+00,-1.000000000000000000e+00
5.909003448486328125e+01,-2.924787759780883789e+00,4.954513013362884521e-01,5.521527709960937500e+02,5.000000000000000000e+00,-1.000000000000000000e+00
7.079380798339843750e+01,-2.249681472778320312e+00,1.960624098777770996e+00,3.395717468261718750e+02,4.000000000000000000e+00,1.281500530242919922e+01
1.668195190429687500e+02,-8.631792664527893066e-01,3.900795221328735352e+00,2.338273162841796875e+02,0.000000000000000000e+00,-1.000000000000000000e+00
1.592193603515625000e+01,5.838068723678588867e-01,1.491313099861145020e+00,1.952788543701171875e+01,0.000000000000000000e+00,-1.000000000000000000e+00
2.201174545288085938e+01,-1.068184494972229004e+00,3.907905101776123047e+00,3.599149322509765625e+01,5.000000000000000000e+00,-1.000000000000000000e+00
3.727363204956054688e+01,3.432118177413940430e+00,5.558259963989257812e+00,5.773101196289062500e+02,0.000000000000000000e+00,-1.000000000000000000e+00
4.568282318115234375e+01,-1.016080975532531738e+00,6.829310655593872070e-01,7.195281219482421875e+01,0.000000000000000000e+00,-1.000000000000000000e+00
6.033535766601562500e+01,-2.609314203262329102e+00,2.008358955383300781e+00,4.123055114746093750e+02,0.000000000000000000e+00,-1.000000000000000000e+00
9.257123565673828125e+01,7.427925616502761841e-02,5.079643726348876953e+00,9.366793823242187500e+01,5.000000000000000000e+00,-1.000000000000000000e+00
1.011727142333984375e+02,9.850612878799438477e-01,4.156220912933349609e+00,1.546534576416015625e+02,0.000000000000000000e+00,-1.000000000000000000e+00
1.116529998779296875e+02,-1.436977744102478027e+00,1.644817233085632324e+00,2.485040283203125000e+02,0.000000000000000000e+00,-1.000000000000000000e+00
1.835315704345703125e+01,2.960552215576171875e+00,3.305775165557861328e+00,1.777174530029296875e+02,0.000000000000000000e+00,-1.000000000000000000e+00
2.034042549133300781e+01,3.433812379837036133e+00,2.626745223999023438e+00,3.155805664062500000e+02,4.000000000000000000e+00,-1.000000000000000000e+00
2.575273704528808594e+01,6.047838926315307617e-01,2.201623439788818359e+00,3.146478271484375000e+01,5.000000000000000000e+00,-1.000000000000000000e+00
3.479881286621093750e+01,1.116238594055175781e+00,1.254872918128967285e+00,5.913594818115234375e+01,5.000000000000000000e+00,1.610893821716308594e+01
4.472542953491210938e+01,1.862951993942260742e+00,4.735109806060791016e+00,1.479269866943359375e+02,0.000000000000000000e+00,-1.000000000000000000e+00
8.002883911132812500e+01,1.482802033424377441e+00,5.656581878662109375e+00,1.857441253662109375e+02,0.000000000000000000e+00,-1.000000000000000000e+00
1.969470024108886719e+01,2.965182065963745117e+00,3.567835092544555664e-01,1.915841979980468750e+02,5.000000000000000000e+00,4.105265140533447266e+00
2.217427253723144531e+01,-3.939993381500244141e+00,4.909894466400146484e-01,5.703272705078125000e+02,0.000000000000000000e+00,-1.000000000000000000e+00
3.925411224365234375e+01,6.077400445938110352e-01,4.444284439086914062e+00,4.719498443603515625e+01,0.000000000000000000e+00,-1.000000000000000000e+00
6.611342620849609375e+01,3.567392230033874512e-01,5.217484951019287109e+00,7.131590270996093750e+01,5.000000000000000000e+00,-1.000000000000000000e+00
7.872013092041015625e+01,2.753937959671020508e+00,1.546287298202514648e+00,6.209031372070312500e+02,4.000000000000000000e+00,-1.000000000000000000e+00
1.205123672485351562e+02,1.497611165046691895e+00,4.649463653564453125e+00,2.836046142578125000e+02,4.000000000000000000e+00,-1.000000000000000000e+00
1.538649444580078125e+02,2.125624656677246094e+00,1.987348794937133789e+00,6.540836791992187500e+02,0.000000000000000000e+00,-1.000000000000000000e+00
2.722907066345214844e+01,2.843052148818969727e-01,2.688669443130493164e+00,2.976711463928222656e+01,0.000000000000000000e+00,-1.000000000000000000e+00
1.930267524719238281e+01,-4.865893363952636719e+00,6.876763105392456055e-01,1.252707885742187500e+03,0.000000000000000000e+00,-1.000000000000000000e+00
3.608190917968750000e+01,-1.333122372627258301e+00,4.214576244354248047e+00,7.342437744140625000e+01,0.000000000000000000e+00,-1.000000000000000000e+00
8.341954803466796875e+01,2.112443923950195312e+00,2.378184318542480469e+00,3.504631652832031250e+02,4.000000000000000000e+00,-1.000000000000000000e+00
9.790786743164062500e+01,8.677041530609130859e-02,4.257882118225097656e+00,9.896294403076171875e+01,4.000000000000000000e+00,-1.000000000000000000e+00
1.439414215087890625e+02,1.176894783973693848e+00,4.532833695411682129e-01,2.571193237304687500e+02,5.000000000000000000e+00,-1.000000000000000000e+00
1.773741722106933594e+01,-6.818023324012756348e-02,3.447646617889404297e+00,1.818363189697265625e+01,5.000000000000000000e+00,1.286102771759033203e+00
1.956668472290039062e+01,-2.329717397689819336e+00,1.807212352752685547e+00,1.016506347656250000e+02,4.000000000000000000e+00,-1.000000000000000000e+00
2.142366027832031250e+01,-8.699772357940673828e-01,1.156103014945983887e+00,3.035467910766601562e+01,5.000000000000000000e+00,-1.000000000000000000e+00
3.733731842041015625e+01,7.199930548667907715e-01,3.578937768936157227e+00,4.796379470825195312e+01,0.000000000000000000e+00,-1.000000000000000000e+00
4.247283554077148438e+01,-3.527991473674774170e-01,9.569707326591014862e-03,4.581653213500976562e+01,0.000000000000000000e+00,-1.000000000000000000e+00
9.338697814941406250e+01,-1.732976436614990234e-01,1.370904922485351562e+00,9.539462280273437500e+01,4.000000000000000000e+00,-1.000000000000000000e+00
9.866454315185546875e+01,4.297519326210021973e-01,4.797153949737548828e+00,1.081101913452148438e+02,4.000000000000000000e+00,-1.000000000000000000e+00
2.716231727600097656e+01,-2.758166566491127014e-02,1.380433440208435059e-01,2.740359497070312500e+01,0.000000000000000000e+00,-1.000000000000000000e+00
6.208037185668945312e+01,-1.041637778282165527e+00,2.965050935745239258e+00,9.944139099121093750e+01,5.000000000000000000e+00,2.423316955566406250e+00
1.142200698852539062e+02,2.289209961891174316e-01,5.946340560913085938e+00,1.180658721923828125e+02,5.000000000000000000e+00,-1.000000000000000000e+00
1.978026390075683594e+01,-7.440016865730285645e-01,5.848344326019287109e+00,2.596529388427734375e+01,0.000000000000000000e+00,-1.000000000000000000e+00
3.048720169067382812e+01,4.182752966880798340e-02,6.781025528907775879e-01,3.057617187500000000e+01,0.000000000000000000e+00,-1.000000000000000000e+00
5.230272674560546875e+01,4.427839815616607666e-01,1.085575461387634277e+00,5.883381652832031250e+01,0.000000000000000000e+00,-1.000000000000000000e+00
5.474443435668945312e+01,8.891784548759460449e-01,2.950617074966430664e+00,7.814689636230468750e+01,0.000000000000000000e+00,-1.000000000000000000e+00
7.990975952148437500e+01,9.010197967290878296e-02,5.319937229156494141e+00,8.060235595703125000e+01,0.000000000000000000e+00,-1.000000000000000000e+00
1.265167312622070312e+02,4.245226830244064331e-02,4.845336437225341797e+00,1.271893768310546875e+02,5.000000000000000000e+00,-1.000000000000000000e+00
1.370079040527343750e+02,-4.663584381341934204e-02,2.083248376846313477e+00,1.385187225341796875e+02,5.000000000000000000e+00,-1.000000000000000000e+00
1.744168853759765625e+01,-9.738729596138000488e-01,6.201108932495117188e+00,2.659117507934570312e+01,0.000000000000000000e+00,-1.000000000000000000e+00
2.556438827514648438e+01,2.252498149871826172e+00,4.798019409179687500e+00,1.231096038818359375e+02,5.000000000000000000e+00,-1.000000000000000000e+00
2.946826553344726562e+01,1.056326627731323242e+00,2.365000009536743164e+00,4.762953186035156250e+01,0.000000000000000000e+00,-1.000000000000000000e+00
4.212298965454101562e+01,5.259770750999450684e-01,5.751607418060302734e+00,4.841170883178710938e+01,4.000000000000000000e+00,-1.000000000000000000e+00
4.548427200317382812e+01,5.782786607742309570e-01,2.677923679351806641e+00,5.399347305297851562e+01,0.000000000000000000e+00,-1.000000000000000000e+00
7.638315582275390625e+01,1.199071645736694336e+00,4.654181957244873047e+00,1.384364624023437500e+02,4.000000000000000000e+00,-1.000000000000000000e+00
9.139628601074218750e+01,-3.480553328990936279e-01,1.294755816459655762e+00,9.732395935058593750e+01,5.000000000000000000e+00,-1.000000000000000000e+00
2.083962440490722656e+01,-8.015440702438354492e-01,5.288216590881347656e+00,2.800071716308593750e+01,4.000000000000000000e+00,-1.000000000000000000e+00
2.653698730468750000e+01,-1.483813822269439697e-01,4.656986236572265625e+00,2.724076080322265625e+01,5.000000000000000000e+00,-1.000000000000000000e+00
1.285890960693359375e+02,-3.264953374862670898e+00,2.002225637435913086e+00,1.685655029296875000e+03,0.000000000000000000e+00,-1.000000000000000000e+00
1.337791900634765625e+02,5.742199420928955078e-01,4.216407835483551025e-01,1.573099975585937500e+02,5.000000000000000000e+00,-1.000000000000000000e+00
3.236355209350585938e+01,-9.986923336982727051e-01,1.977830529212951660e+00,5.028383636474609375e+01,5.000000000000000000e+00,3.869210004806518555e+00
2.994636154174804688e+01,9.435245394706726074e-01,5.517397880554199219e+00,4.485810470581054688e+01,0.000000000000000000e+00,-1.000000000000000000e+00
4.618391418457031250e+01,1.914625167846679688e-01,3.049301385879516602e+00,4.756786727905273438e+01,0.000000000000000000e+00,-1.000000000000000000e+00
6.003071594238281250e+01,-1.416212558746337891e+00,3.889938354492187500e+00,1.311708221435546875e+02,0.000000000000000000e+00,-1.000000000000000000e+00
1.734977722167968750e+02,-2.306491136550903320e+00,4.405467033386230469e+00,8.798668212890625000e+02,5.000000000000000000e+00,-1.000000000000000000e+00
2.643768310546875000e+02,-1.307770967483520508e+00,9.440873265266418457e-01,5.248081665039062500e+02,4.000000000000000000e+00,-1.000000000000000000e+00
1.749586105346679688e+01,9.088571667671203613e-01,5.225369453430175781e+00,2.648410224914550781e+01,4.000000000000000000e+00,-1.000000000000000000e+00
2.450277519226074219e+01,-7.879599928855895996e-01,3.157479763031005859e+00,3.274076080322265625e+01,4.000000000000000000e+00,-1.000000000000000000e+00
3.334696578979492188e+01,-1.572134047746658325e-01,5.369750499725341797e+00,3.495482635498046875e+01,4.000000000000000000e+00,-1.000000000000000000e+00
4.318563079833984375e+01,-4.002586901187896729e-01,3.363556623458862305e+00,4.759854507446289062e+01,0.000000000000000000e+00,-1.000000000000000000e+00
4.438388442993164062e+01,-2.776615858078002930e+00,4.625642001628875732e-01,3.579299926757812500e+02,5.000000000000000000e+00,4.295101642608642578e+00
5.160475540161132812e+01,-1.166577935218811035e+00,4.916536808013916016e+00,9.139397430419921875e+01,0.000000000000000000e+00,-1.000000000000000000e+00
8.394471740722656250e+01,-1.661320090293884277e+00,5.253459453582763672e+00,2.293850250244140625e+02,5.000000000000000000e+00,-1.000000000000000000e+00
1.492531433105468750e+02,-1.550588011741638184e+00,1.770142912864685059e+00,3.684762573242187500e+02,0.000000000000000000e+00,-1.000000000000000000e+00
1.572661685943603516e+01,1.910107135772705078e+00,5.626370429992675781e+00,5.444143295288085938e+01,5.000000000000000000e+00,-1.000000000000000000e+00
3.690779495239257812e+01,1.706444740295410156e+00,1.879286170005798340e-01,1.054005584716796875e+02,5.000000000000000000e+00,-1.000000000000000000e+00
4.933429336547851562e+01,1.257603526115417480e+00,2.961929321289062500e+00,9.410757446289062500e+01,0.000000000000000000e+00,-1.000000000000000000e+00
6.047344589233398438e+01,1.401017546653747559e+00,4.264384269714355469e+00,1.305894470214843750e+02,5.000000000000000000e+00,1.007810878753662109e+01
1.662182044982910156e+01,1.282985925674438477e+00,4.528286457061767578e+00,3.280516433715820312e+01,0.000000000000000000e+00,-1.000000000000000000e+00
2.037616539001464844e+01,-4.838294982910156250e-01,3.030331805348396301e-02,2.322776031494140625e+01,0.000000000000000000e+00,-1.000000000000000000e+00
2.374424934387207031e+01,-2.892558097839355469e+00,3.684348613023757935e-02,2.149263153076171875e+02,0.000000000000000000e+00,-1.000000000000000000e+00
3.516581726074218750e+01,-1.897022843360900879e+00,5.954440116882324219e+00,1.200873107910156250e+02,0.000000000000000000e+00,-1.000000000000000000e+00
3.933185577392578125e+01,-2.249068737030029297e+00,3.776481151580810547e+00,1.886554565429687500e+02,5.000000000000000000e+00,-1.000000000000000000e+00
4.086093139648437500e+01,-9.067177176475524902e-01,2.322224855422973633e+00,5.916902160644531250e+01,0.000000000000000000e+00,-1.000000000000000000e+00
6.651088714599609375e+01,6.680831313133239746e-02,6.136704087257385254e-01,6.798818206787109375e+01,4.000000000000000000e+00,-1.000000000000000000e+00
7.249865722656250000e+01,3.031015992164611816e-01,3.420977115631103516e+00,7.721126556396484375e+01,5.000000000000000000e+00,-1.000000000000000000e+00
2.014773750305175781e+01,3.978130578994750977e+00,2.613201618194580078e+00,5.383295288085937500e+02,0.000000000000000000e+00,-1.000000000000000000e+00
2.072760963439941406e+01,-1.453332543373107910e+00,3.031946420669555664e+00,4.685334777832031250e+01,0.000000000000000000e+00,-1.000000000000000000e+00
3.636784744262695312e+01,-1.395894646644592285e+00,5.976224899291992188e+00,7.859851837158203125e+01,4.000000000000000000e+00,-1.000000000000000000e+00
3.671317672729492188e+01,3.475069999694824219e-01,1.953956484794616699e+00,3.923212814331054688e+01,4.000000000000000000e+00,-1.000000000000000000e+00
4.325236892700195312e+01,9.982953071594238281e-01,4.553808689117431641e+00,6.692175292968750000e+01,5.000000000000000000e+00,1.585707426071166992e+00
6.380159378051757812e+01,-3.341980874538421631e-01,4.602122306823730469e+00,6.755037689208984375e+01,0.000000000000000000e+00,-1.000000000000000000e+00
1.002264099121093750e+02,-1.251147031784057617e+00,1.148608207702636719e+00,1.897249145507812500e+02,5.000000000000000000e+00,-1.000000000000000000e+00
1.730862045288085938e+01,-1.937461256980895996e+00,7.866089344024658203e-01,6.139299011230468750e+01,0.000000000000000000e+00,-1.000000000000000000e+00
2.018395423889160156e+01,9.412453174591064453e-01,2.924500942230224609e+00,3.034417533874511719e+01,0.000000000000000000e+00,-1.000000000000000000e+00
3.642378234863281250e+01,-1.168473124504089355e+00,5.280204772949218750e+00,6.446080780029296875e+01,5.000000000000000000e+00,-1.000000000000000000e+00
9.171658325195312500e+01,-6.305699348449707031e-01,3.566398620605468750e+00,1.110761184692382812e+02,4.000000000000000000e+00,-1.000000000000000000e+00
9.538803863525390625e+01,3.047337830066680908e-01,1.509782910346984863e+00,1.008021697998046875e+02,0.000000000000000000e+00,-1.000000000000000000e+00
1.144251556396484375e+02,-1.700615763664245605e+00,5.767490386962890625e+00,3.242155761718750000e+02,0.000000000000000000e+00,-1.000000000000000000e+00
2.105341911315917969e+01,1.660712003707885742e+00,2.763857841491699219e+00,5.753146362304687500e+01,4.000000000000000000e+00,-1.000000000000000000e+00
2.453928947448730469e+01,1.387007594108581543e+00,5.751356124877929688e+00,5.237246322631835938e+01,0.000000000000000000e+00,-1.000000000000000000e+00
1.742598724365234375e+01,1.864032149314880371e-01,3.727172017097473145e-01,1.805308151245117188e+01,0.000000000000000000e+00,-1.000000000000000000e+00
3.686584091186523438e+01,1.126302003860473633e+00,2.340736865997314453e+00,6.321400451660156250e+01,5.000000000000000000e+00,-1.000000000000000000e+00
2.823239707946777344e+01,5.144989490509033203e-01,3.389475107192993164e+00,3.243211746215820312e+01,0.000000000000000000e+00,-1.000000000000000000e+00
3.314563751220703125e+01,2.327110052108764648e+00,3.793450355529785156e+00,1.715737304687500000e+02,4.000000000000000000e+00,8.043235778808593750e+00
4.329460144042968750e+01,6.427520513534545898e-01,1.731431484222412109e+00,5.297330093383789062e+01,5.000000000000000000e+00,-1.000000000000000000e+00
1.127233047485351562e+02,6.805759668350219727e-01,4.763152122497558594e+00,1.403628540039062500e+02,0.000000000000000000e+00,-1.000000000000000000e+00
1.189259414672851562e+02,-1.747651696205139160e+00,5.033738017082214355e-01,3.521628112792968750e+02,0.000000000000000000e+00,-1.000000000000000000e+00
3.125499153137207031e+01,1.972264528274536133e+00,3.936074972152709961e+00,1.144981536865234375e+02,0.000000000000000000e+00,-1.000000000000000000e+00
1.054233856201171875e+02,1.914342880249023438e+00,5.337310791015625000e+00,3.658121643066406250e+02,4.000000000000000000e+00,-1.000000000000000000e+00
1.010510711669921875e+02,9.232006669044494629e-01,1.939739227294921875e+00,1.477235260009765625e+02,5.000000000000000000e+00,-1.000000000000000000e+00
2.458164787292480469e+01,4.311761379241943359e+00,5.659858226776123047e+00,9.167255859375000000e+02,0.000000000000000000e+00,-1.000000000000000000e+00
2.301481819152832031e+01,-1.468024373054504395e+00,2.834925651550292969e+00,5.261756134033203125e+01,0.000000000000000000e+00,-1.000000000000000000e+00
4.289910125732421875e+01,7.643520832061767578e-01,2.115332603454589844e+00,5.730091476440429688e+01,5.000000000000000000e+00,-1.000000000000000000e+00
5.975123977661132812e+01,1.051922664046287537e-01,1.328651458024978638e-01,6.157787322998046875e+01,0.000000000000000000e+00,-1.000000000000000000e+00
8.426589202880859375e+01,4.886567294597625732e-01,1.508081197738647461e+00,9.505335235595703125e+01,5.000000000000000000e+00,-1.000000000000000000e+00
8.928128051757812500e+01,3.741994500160217285e-03,5.622068881988525391e+00,9.039978027343750000e+01,0.000000000000000000e+00,-1.000000000000000000e+00
1.063169555664062500e+02,8.025943040847778320e-01,5.679493427276611328e+00,1.427063598632812500e+02,0.000000000000000000e+00,-1.000000000000000000e+00
3.034368705749511719e+01,-6.567900776863098145e-01,3.476444482803344727e+00,3.736721420288085938e+01,0.000000000000000000e+00,-1.000000000000000000e+00
5.808148574829101562e+01,-3.429026007652282715e-01,5.615745544433593750e+00,6.237742996215820312e+01,5.000000000000000000e+00,-1.000000000000000000e+00
6.376161193847656250e+01,-1.351686716079711914e+00,2.594297409057617188e+00,1.317727508544921875e+02,5.000000000000000000e+00,-1.000000000000000000e+00
1.329740905761718750e+02,-1.159122824668884277e+00,4.590429306030273438e+00,2.331261291503906250e+02,0.000000000000000000e+00,-1.000000000000000000e+00
3.630085754394531250e+01,5.235313773155212402e-01,1.864759922027587891e+00,4.218499755859375000e+01,5.000000000000000000e+00,-1.000000000000000000e+00
3.176441383361816406e+01,2.277807474136352539e+00,2.795963525772094727e+00,1.566668548583984375e+02,0.000000000000000000e+00,-1.000000000000000000e+00
4.983592224121093750e+01,7.103145122528076172e-01,5.164484024047851562e+00,6.427137756347656250e+01,5.000000000000000000e+00,-1.000000000000000000e+00
9.689449310302734375e+01,-2.829774320125579834e-01,3.817734718322753906e+00,1.013050384521484375e+02,0.000000000000000000e+00,-1.000000000000000000e+00
1.010254974365234375e+02,-5.366417169570922852e-01,4.660498142242431641e+00,1.173694686889648438e+02,4.000000000000000000e+00,-1.000000000000000000e+00
2.000397644042968750e+02,-7.716141343116760254e-01,1.016824007034301758e+00,2.631406250000000000e+02,0.000000000000000000e+00,-1.000000000000000000e+00
1.952606010437011719e+01,2.137519121170043945e+00,1.226079240441322327e-01,8.403116607666015625e+01,0.000000000000000000e+00,-1.000000000000000000e+00
4.291211318969726562e+01,2.975695610046386719e+00,2.180795967578887939e-01,4.218303527832031250e+02,5.000000000000000000e+00,-1.000000000000000000e+00
7.769313812255859375e+01,1.493027210235595703e+00,4.848619103431701660e-01,1.823005523681640625e+02,0.000000000000000000e+00,-1.000000000000000000e+00
1.232885742187500000e+02,-1.144079923629760742e+00,3.501429796218872070e+00,2.142570800781250000e+02,5.000000000000000000e+00,-1.000000000000000000e+00
2.098582458496093750e+01,-2.583287715911865234e+00,5.082803249359130859e+00,1.397766571044921875e+02,0.000000000000000000e+00,-1.000000000000000000e+00
4.444449234008789062e+01,-1.514093041419982910e+00,1.857911109924316406e+00,1.067203598022460938e+02,0.000000000000000000e+00,-1.000000000000000000e+00
4.477395248413085938e+01,-5.162347555160522461e-01,4.328246116638183594e+00,5.141473388671875000e+01,0.000000000000000000e+00,-1.000000000000000000e+00
4.597782135009765625e+01,-3.267101049423217773e+00,1.849885731935501099e-01,6.040180664062500000e+02,0.000000000000000000e+00,-1.000000000000000000e+00
6.616597747802734375e+01,-9.525972604751586914e-01,2.232167720794677734e+00,9.961580657958984375e+01,5.000000000000000000e+00,-1.000000000000000000e+00
6.656414794921875000e+01,-1.697505354881286621e+00,5.452311411499977112e-02,1.881687164306640625e+02,5.000000000000000000e+00,-1.000000000000000000e+00
8.581829071044921875e+01,-1.452348828315734863e+00,4.035401821136474609e+00,1.939795837402343750e+02,4.000000000000000000e+00,-1.000000000000000000e+00
2.138726615905761719e+01,9.361044168472290039e-01,6.302909255027770996e-01,3.174313926696777344e+01,0.000000000000000000e+00,-1.000000000000000000e+00
3.865298843383789062e+01,-1.923106312751770020e+00,8.042203783988952637e-01,1.353098754882812500e+02,5.000000000000000000e+00,-1.000000000000000000e+00
4.632874679565429688e+01,-2.178625106811523438e+00,1.538046836853027344e+00,2.074031372070312500e+02,0.000000000000000000e+00,-1.000000000000000000e+00
1.294843597412109375e+02,-2.388664960861206055e+00,3.731221675872802734e+00,7.118090820312500000e+02,0.000000000000000000e+00,4.069575881958007812e+01
1.916204071044921875e+01,1.552091836929321289e+00,5.823680877685546875e+00,4.767655563354492188e+01,0.000000000000000000e+00,-1.000000000000000000e+00
3.086336135864257812e+01,-4.054794609546661377e-01,2.628396511077880859e+00,3.371164703369140625e+01,0.000000000000000000e+00,6.397185921669006348e-01
3.388474655151367188e+01,3.327477931976318359e+00,2.743957996368408203e+00,4.728203430175781250e+02,0.000000000000000000e+00,-1.000000000000000000e+00
3.946821594238281250e+01,5.206202268600463867e-01,5.939332008361816406e+00,4.530585479736328125e+01,0.000000000000000000e+00,-1.000000000000000000e+00
1.318588867187500000e+02,3.026910781860351562e+00,1.165988922119140625e+00,1.363752807617187500e+03,5.000000000000000000e+00,-1.000000000000000000e+00
1.320672912597656250e+02,4.393396377563476562e-01,4.442699909210205078e+00,1.460034027099609375e+02,5.000000000000000000e+00,-1.000000000000000000e+00
3.671123504638671875e+01,1.268673419952392578e+00,5.962301731109619141e+00,7.097090148925781250e+01,5.000000000000000000e+00,-1.000000000000000000e+00
4.081816864013671875e+01,1.808495521545410156e+00,4.391740798950195312e+00,1.283953094482421875e+02,0.000000000000000000e+00,-1.000000000000000000e+00
5.130514526367187500e+01,9.083101749420166016e-01,5.479069232940673828e+00,7.443051910400390625e+01,4.000000000000000000e+00,-1.000000000000000000e+00
5.661588287353515625e+01,-1.363255858421325684e+00,3.923664093017578125e+00,1.182262268066406250e+02,4.000000000000000000e+00,-1.000000000000000000e+00
8.717774963378906250e+01,5.634124875068664551e-01,4.072045326232910156e+00,1.018070526123046875e+02,5.000000000000000000e+00,-1.000000000000000000e+00
1.086000061035156250e+02,2.287877321243286133e+00,1.076948761940002441e+00,5.407393798828125000e+02,0.000000000000000000e+00,-1.000000000000000000e+00
1.141265411376953125e+02,1.839733242988586426e+00,1.582373738288879395e+00,3.685376586914062500e+02,0.000000000000000000e+00,-1.000000000000000000e+00
1.624463272094726562e+01,1.534536480903625488e+00,5.282340049743652344e-01,3.956959915161132812e+01,5.000000000000000000e+00,-1.000000000000000000e+00
1.820857620239257812e+01,1.064196348190307617e+00,1.438468337059020996e+00,2.972781181335449219e+01,0.000000000000000000e+00,-1.000000000000000000e+00
1.914325714111328125e+01,1.659094095230102539e-01,5.051967620849609375e+00,2.008374595642089844e+01,0.000000000000000000e+00,-1.000000000000000000e+00
5.401010131835937500e+01,-8.001490235328674316e-01,2.809768021106719971e-01,7.254678344726562500e+01,0.000000000000000000e+00,-1.000000000000000000e+00
1.070639190673828125e+02,-1.830918341875076294e-01,3.360710382461547852e+00,1.092081375122070312e+02,5.000000000000000000e+00,-1.000000000000000000e+00
2.115018844604492188e+01,-6.810030937194824219e-01,5.788687467575073242e-01,2.689423179626464844e+01,0.000000000000000000e+00,-1.000000000000000000e+00
2.649747848510742188e+01,3.054727613925933838e-01,5.592959880828857422e+00,2.801961135864257812e+01,5.000000000000000000e+00,-1.000000000000000000e+00
3.843096160888671875e+01,-7.808306813240051270e-01,1.525331258773803711e+00,5.142989730834960938e+01,5.000000000000000000e+00,-1.000000000000000000e+00
1.069781417846679688e+02,2.588110685348510742e+00,1.881179451942443848e+00,7.157379150390625000e+02,0.000000000000000000e+00,-1.000000000000000000e+00
3.356806182861328125e+01,3.054050207138061523e-01,3.879089355468750000e-01,3.599012756347656250e+01,5.000000000000000000e+00,-1.000000000000000000e+00
4.183646774291992188e+01,7.647526860237121582e-01,3.791841030120849609e+00,5.509277725219726562e+01,0.000000000000000000e+00,-1.000000000000000000e+00
7.968290710449218750e+01,-3.753576874732971191e-01,3.625466585159301758e+00,8.559907531738281250e+01,4.000000000000000000e+00,2.440150499343872070e+00
8.931331634521484375e+01,-2.442661486566066742e-02,5.968219757080078125e+00,9.023485565185546875e+01,5.000000000000000000e+00,-1.000000000000000000e+00
3.148427200317382812e+01,1.420303940773010254e+00,2.583259344100952148e+00,6.950705718994140625e+01,0.000000000000000000e+00,-1.000000000000000000e+00
7.375054931640625000e+01,7.723751664161682129e-01,9.106972068548202515e-02,9.808965301513671875e+01,0.000000000000000000e+00,-1.000000000000000000e+00
1.015264968872070312e+02,-1.762769818305969238e-01,1.832592129707336426e+00,1.039709701538085938e+02,5.000000000000000000e+00,3.402498364448547363e-01
1.207829132080078125e+02,9.455502778291702271e-02,2.081660330295562744e-01,1.223196487426757812e+02,5.000000000000000000e+00,-1.000000000000000000e+00
1.994688720703125000e+02,-7.863982319831848145e-01,3.855148315429687500e+00,2.651943359375000000e+02,0.000000000000000000e+00,-1.000000000000000000e+00
2.671269226074218750e+01,2.686030387878417969e+00,4.426837921142578125e+00,1.969698181152343750e+02,0.000000000000000000e+00,-1.000000000000000000e+00
5.527679443359375000e+01,-6.191892027854919434e-01,3.514306545257568359e+00,6.721316528320312500e+01,0.000000000000000000e+00,-1.000000000000000000e+00
1.182952957153320312e+02,-2.343275845050811768e-01,2.367940664291381836e+00,1.226900634765625000e+02,5.000000000000000000e+00,-1.000000000000000000e+00
1.273334121704101562e+02,-4.792047441005706787e-01,4.531338810920715332e-02,1.425178833007812500e+02,5.000000000000000000e+00,1.147540283203125000e+01
3.215139770507812500e+01,1.666865229606628418e+00,9.619714021682739258e-01,8.850157928466796875e+01,0.000000000000000000e+00,-1.000000000000000000e+00
4.000807571411132812e+01,1.397078752517700195e+00,3.384388446807861328e+00,8.606409454345703125e+01,0.000000000000000000e+00,-1.000000000000000000e+00
5.695139694213867188e+01,3.002424001693725586e+00,6.053360104560852051e-01,5.748572998046875000e+02,5.000000000000000000e+00,-1.000000000000000000e+00
8.040220642089843750e+01,7.816742658615112305e-01,4.727908611297607422e+00,1.070130386352539062e+02,5.000000000000000000e+00,3.311507034301757812e+01
1.971818351745605469e+01,-2.487858295440673828e+00,5.097739219665527344e+00,1.196107559204101562e+02,0.000000000000000000e+00,-1.000000000000000000e+00
2.023764610290527344e+01,-1.875404119491577148e+00,5.757759571075439453e+00,6.762995147705078125e+01,0.000000000000000000e+00,-1.000000000000000000e+00
3.806708526611328125e+01,1.278379082679748535e+00,2.090289354324340820e+00,7.375440979003906250e+01,0.000000000000000000e+00,-1.000000000000000000e+00
4.262192153930664062e+01,2.673922538757324219e+00,9.099210500717163086e-01,3.104948425292968750e+02,0.000000000000000000e+00,-1.000000000000000000e+00
4.313767242431640625e+01,-1.629939317703247070e+00,8.534568548202514648e-01,1.148016281127929688e+02,0.000000000000000000e+00,-1.000000000000000000e+00
5.799934005737304688e+01,5.898926258087158203e-01,3.812587022781372070e+00,6.935405731201171875e+01,0.000000000000000000e+00,-1.000000000000000000e+00
5.964377212524414062e+01,-1.235379129648208618e-01,2.244421243667602539e+00,6.163338851928710938e+01,0.000000000000000000e+00,-1.000000000000000000e+00
6.144691848754882812e+01,9.695283770561218262e-01,1.342686176300048828e+00,9.326019287109375000e+01,5.000000000000000000e+00,-1.000000000000000000e+00
7.986365509033203125e+01,-1.351168751716613770e+00,5.885483741760253906e+00,1.651567993164062500e+02,0.000000000000000000e+00,-1.000000000000000000e+00
9.458383178710937500e+01,1.344840168952941895e+00,4.141211032867431641e+00,1.941152191162109375e+02,5.000000000000000000e+00,-1.000000000000000000e+00
2.529314422607421875e+01,2.443709373474121094e+00,4.515957355499267578e+00,1.467776489257812500e+02,0.000000000000000000e+00,-1.000000000000000000e+00
5.540719223022460938e+01,2.332005262374877930e+00,2.957918405532836914e+00,2.881257934570312500e+02,5.000000000000000000e+00,-1.000000000000000000e+00
6.605754089355468750e+01,9.593383669853210449e-01,4.633286476135253906e+00,9.932750701904296875e+01,4.000000000000000000e+00,-1.000000000000000000e+00
9.541577911376953125e+01,1.822716832160949707e+00,5.331341624259948730e-01,3.033687133789062500e+02,5.000000000000000000e+00,-1.000000000000000000e+00
2.041481590270996094e+01,-2.060974597930908203e+00,2.167876720428466797e+00,8.156436920166015625e+01,0.000000000000000000e+00,-1.000000000000000000e+00
2.534914398193359375e+01,1.123020529747009277e+00,2.116016149520874023e+00,4.418457031250000000e+01,0.000000000000000000e+00,-1.000000000000000000e+00
3.023038482666015625e+01,4.121754691004753113e-02,5.666394233703613281e+00,3.095048904418945312e+01,0.000000000000000000e+00,-1.000000000000000000e+00
4.675755691528320312e+01,8.657491803169250488e-01,5.772540092468261719e+00,6.600662231445312500e+01,0.000000000000000000e+00,-1.000000000000000000e+00
7.059890747070312500e+01,-4.481921195983886719e-01,2.835281610488891602e+00,7.877733612060546875e+01,5.000000000000000000e+00,-1.000000000000000000e+00
1.012177047729492188e+02,-6.579099297523498535e-01,1.161094427108764648e+00,1.244077758789062500e+02,0.000000000000000000e+00,-1.000000000000000000e+00
1.261542282104492188e+02,6.619035005569458008e-01,4.523900985717773438e+00,1.562443237304687500e+02,0.000000000000000000e+00,-1.000000000000000000e+00
1.541350746154785156e+01,-3.924847364425659180e+00,5.830267429351806641e+00,3.904913330078125000e+02,0.000000000000000000e+00,-1.000000000000000000e+00
2.026007270812988281e+01,-2.214142322540283203e+00,2.633830070495605469e+00,9.411483001708984375e+01,0.000000000000000000e+00,-1.000000000000000000e+00
2.409259605407714844e+01,2.277059316635131836e+00,5.787962436676025391e+00,1.187249145507812500e+02,0.000000000000000000e+00,-1.000000000000000000e+00
3.399239349365234375e+01,1.204808235168457031e+00,3.763588905334472656e+00,6.224396133422851562e+01,4.000000000000000000e+00,-1.000000000000000000e+00
3.021233177185058594e+01,-7.281168699264526367e-01,4.505674362182617188e+00,3.903829193115234375e+01,0.000000000000000000e+00,-1.000000000000000000e+00
4.831025314331054688e+01,-4.347774386405944824e-01,2.170686572790145874e-01,5.342971801757812500e+01,0.000000000000000000e+00,-1.000000000000000000e+00
5.253520584106445312e+01,-1.149815544486045837e-01,4.678883552551269531e+00,5.348649215698242188e+01,0.000000000000000000e+00,-1.000000000000000000e+00
6.170711898803710938e+01,-4.947564005851745605e-01,1.524420022964477539e+00,6.996567535400390625e+01,5.000000000000000000e+00,-1.000000000000000000e+00
7.363804626464843750e+01,7.945724129676818848e-01,2.033391475677490234e+00,9.880709075927734375e+01,5.000000000000000000e+00,-1.000000000000000000e+00
1.432066955566406250e+02,-1.937065422534942627e-01,2.443467617034912109e+00,1.459775238037109375e+02,0.000000000000000000e+00,-1.000000000000000000e+00
1.747970581054687500e+02,1.717939376831054688e+00,5.452117443084716797e+00,5.031791687011718750e+02,0.000000000000000000e+00,-1.000000000000000000e+00
2.139342308044433594e+01,1.753254413604736328e+00,4.180266380310058594e+00,6.398728561401367188e+01,0.000000000000000000e+00,-1.000000000000000000e+00
1.761182785034179688e+01,-3.843140840530395508e+00,3.549752950668334961e+00,4.112552795410156250e+02,0.000000000000000000e+00,-1.000000000000000000e+00
1.735619354248046875e+01,-3.358235359191894531e+00,1.317714929580688477e+00,2.497661132812500000e+02,0.000000000000000000e+00,-1.000000000000000000e+00
2.056753540039062500e+01,-3.923411846160888672e+00,2.433112621307373047e+00,5.203314208984375000e+02,0.000000000000000000e+00,-1.000000000000000000e+00
5.138552093505859375e+01,-2.424523681402206421e-01,2.685764789581298828e+00,5.363555526733398438e+01,5.000000000000000000e+00,-1.000000000000000000e+00
5.301595687866210938e+01,-2.261639595031738281e+00,5.386958122253417969e+00,2.574154357910156250e+02,0.000000000000000000e+00,-1.000000000000000000e+00
9.791993713378906250e+01,-7.749269008636474609e-01,1.886946082115173340e+00,1.295688781738281250e+02,0.000000000000000000e+00,-1.000000000000000000e+00
1.727069244384765625e+02,-1.513060212135314941e+00,4.696611404418945312e+00,4.113830871582031250e+02,5.000000000000000000e+00,-1.000000000000000000e+00
1.639866828918457031e+01,-2.236674167215824127e-02,4.023007154464721680e-01,1.681295585632324219e+01,5.000000000000000000e+00,-1.000000000000000000e+00
1.957188796997070312e+01,-1.776176929473876953e+00,3.186672687530517578e+00,5.962582397460937500e+01,0.000000000000000000e+00,-1.000000000000000000e+00
3.205285644531250000e+01,-8.660873174667358398e-01,5.219578742980957031e+00,4.531609344482421875e+01,0.000000000000000000e+00,-1.000000000000000000e+00
4.135202026367187500e+01,-9.906032681465148926e-01,2.029273986816406250e+00,6.335882568359375000e+01,0.000000000000000000e+00,-1.000000000000000000e+00
6.448091888427734375e+01,-8.129940629005432129e-01,3.626437425613403320e+00,8.791043853759765625e+01,4.000000000000000000e+00,-1.000000000000000000e+00
6.705772399902343750e+01,-1.937840580940246582e+00,4.630537033081054688e+00,2.378328857421875000e+02,5.000000000000000000e+00,-1.000000000000000000e+00
2.739109420776367188e+01,4.287114143371582031e+00,3.516193151473999023e+00,9.966658935546875000e+02,0.000000000000000000e+00,-1.000000000000000000e+00
1.713180351257324219e+01,-1.301931500434875488e+00,3.928148508071899414e+00,3.422219085693359375e+01,4.000000000000000000e+00,-1.000000000000000000e+00
9.296579742431640625e+01,-1.529574751853942871e+00,8.111867904663085938e-01,2.253401947021484375e+02,5.000000000000000000e+00,3.529800891876220703e+00
1.211758422851562500e+02,-9.752034544944763184e-01,2.043586730957031250e+00,1.838666381835937500e+02,0.000000000000000000e+00,-1.000000000000000000e+00
1.306545410156250000e+02,-2.565553188323974609e+00,4.760328292846679688e+00,8.548768920898437500e+02,5.000000000000000000e+00,-1.000000000000000000e+00
1.937875556945800781e+01,1.101882219314575195e+00,3.766353130340576172e+00,3.251632308959960938e+01,0.000000000000000000e+00,-1.000000000000000000e+00
3.660461425781250000e+01,2.431816816329956055e+00,4.496853828430175781e+00,2.099721069335937500e+02,0.000000000000000000e+00,-1.000000000000000000e+00
7.494776153564453125e+01,6.682449951767921448e-03,2.712990045547485352e+00,7.569044494628906250e+01,5.000000000000000000e+00,-1.000000000000000000e+00
1.156659240722656250e+02,3.149241924285888672e+00,3.859854459762573242e+00,1.351120117187500000e+03,0.000000000000000000e+00,-1.000000000000000000e+00
1.912437248229980469e+01,-2.838413715362548828e+00,2.728615045547485352e+00,1.640323486328125000e+02,0.000000000000000000e+00,-1.000000000000000000e+00
2.808799171447753906e+01,2.043723344802856445e+00,3.547308444976806641e+00,1.104342117309570312e+02,5.000000000000000000e+00,-1.000000000000000000e+00
3.119087028503417969e+01,5.069424510002136230e-01,1.190273046493530273e+00,3.644617843627929688e+01,5.000000000000000000e+00,-1.000000000000000000e+00
6.833879089355468750e+01,1.255727652460336685e-02,6.773763895034790039e-01,6.947695159912109375e+01,5.000000000000000000e+00,-1.000000000000000000e+00
1.038053131103515625e+02,1.566196322441101074e+00,4.148600578308105469e+00,2.595480346679687500e+02,5.000000000000000000e+00,-1.000000000000000000e+00
1.409190826416015625e+02,1.720749855041503906e+00,1.947176605463027954e-01,4.070606689453125000e+02,4.000000000000000000e+00,-1.000000000000000000e+00
1.540222454071044922e+01,-9.592325687408447266e-01,2.658621549606323242e+00,2.331114768981933594e+01,4.000000000000000000e+00,-1.000000000000000000e+00
3.209871673583984375e+01,-3.114376544952392578e+00,2.144082069396972656e+00,3.621389160156250000e+02,4.000000000000000000e+00,-1.000000000000000000e+00
4.468284988403320312e+01,-3.099638462066650391e+00,3.351915121078491211e+00,4.967778930664062500e+02,0.000000000000000000e+00,-1.000000000000000000e+00
5.210658264160156250e+01,-2.732224464416503906e+00,1.564999461174011230e+00,4.021844177246093750e+02,0.000000000000000000e+00,-1.000000000000000000e+00
5.811926651000976562e+01,-2.154468059539794922e+00,6.023241519927978516e+00,2.542759552001953125e+02,5.000000000000000000e+00,-1.000000000000000000e+00
6.929466247558593750e+01,-2.598631858825683594e+00,5.277482986450195312e+00,4.684891967773437500e+02,5.000000000000000000e+00,-1.000000000000000000e+00
3.608273315429687500e+01,1.782433390617370605e+00,5.343809127807617188e+00,1.104320526123046875e+02,5.000000000000000000e+00,-1.000000000000000000e+00
1.113714218139648438e+02,1.403720855712890625e+00,4.557214736938476562e+00,2.404634246826171875e+02,0.000000000000000000e+00,-1.000000000000000000e+00
1.185053482055664062e+02,1.872876286506652832e+00,1.561507105827331543e+00,3.953641357421875000e+02,0.000000000000000000e+00,-1.000000000000000000e+00
1.336484222412109375e+02,8.473254442214965820e-01,4.319040775299072266e+00,1.847713012695312500e+02,0.000000000000000000e+00,-1.000000000000000000e+00
1.362602233886718750e+02,1.379310965538024902e+00,8.669204711914062500e-01,2.879541015625000000e+02,0.000000000000000000e+00,-1.000000000000000000e+00
1.927424240112304688e+01,-1.183691263198852539e+00,2.609649658203125000e+00,3.464815139770507812e+01,0.000000000000000000e+00,-1.000000000000000000e+00
2.928369903564453125e+01,6.343967318534851074e-01,2.830553293228149414e+00,3.563275909423828125e+01,5.000000000000000000e+00,-1.000000000000000000e+00
4.461109161376953125e+01,9.672872722148895264e-02,9.368611574172973633e-01,4.525719833374023438e+01,5.000000000000000000e+00,-1.000000000000000000e+00
5.730728530883789062e+01,-1.061355710029602051e+00,1.859403491020202637e+00,9.317533874511718750e+01,4.000000000000000000e+00,-1.000000000000000000e+00
2.986249732971191406e+01,-6.892743706703186035e-02,2.724967956542968750e+00,3.153598976135253906e+01,0.000000000000000000e+00,-1.000000000000000000e+00
2.530475616455078125e+01,6.058427691459655762e-01,5.105525970458984375e+00,3.053293228149414062e+01,0.000000000000000000e+00,-1.000000000000000000e+00
3.494953536987304688e+01,-1.632305264472961426e+00,5.686283588409423828e+00,9.294789123535156250e+01,0.000000000000000000e+00,-1.000000000000000000e+00
5.756840896606445312e+01,2.697842597961425781e+00,4.946010112762451172e+00,4.293607177734375000e+02,5.000000000000000000e+00,-1.000000000000000000e+00
6.387097930908203125e+01,-1.339530348777770996e+00,6.039544582366943359e+00,1.309596252441406250e+02,0.000000000000000000e+00,-1.000000000000000000e+00
7.467179107666015625e+01,-6.380706280469894409e-02,1.337751626968383789e+00,7.543125152587890625e+01,0.000000000000000000e+00,-1.000000000000000000e+00
7.623369598388671875e+01,1.389847159385681152e+00,4.984663009643554688e+00,1.628904418945312500e+02,0.000000000000000000e+00,-1.000000000000000000e+00
1.551381835937500000e+02,6.181535124778747559e-01,2.448723793029785156e+00,1.868394927978515625e+02,5.000000000000000000e+00,-1.000000000000000000e+00
5.948276519775390625e+01,2.457911729812622070e+00,5.818401813507080078e+00,3.500407409667968750e+02,5.000000000000000000e+00,-1.000000000000000000e+00
9.149118041992187500e+01,1.704185605049133301e+00,8.724160194396972656e-01,2.608862915039062500e+02,5.000000000000000000e+00,1.210495853424072266e+01
1.565592479705810547e+01,2.962001323699951172e+00,4.985121250152587891e+00,1.518462524414062500e+02,0.000000000000000000e+00,-1.000000000000000000e+00
1.865434837341308594e+01,1.860883474349975586e+00,1.778169870376586914e+00,6.152202224731445312e+01,0.000000000000000000e+00,-1.000000000000000000e+00
1.974021339416503906e+01,-2.118736505508422852e-01,3.889436244964599609e+00,2.073560523986816406e+01,5.000000000000000000e+00,-1.000000000000000000e+00
1.987793731689453125e+01,-5.837900638580322266e-01,5.906634807586669922e+00,2.387513542175292969e+01,0.000000000000000000e+00,-1.000000000000000000e+00
4.191675567626953125e+01,-2.245023012161254883e+00,6.026672840118408203e+00,2.002109222412109375e+02,0.000000000000000000e+00,-1.000000000000000000e+00
7.053762817382812500e+01,3.333914756774902344e+00,2.351943254470825195e+00,9.905088500976562500e+02,5.000000000000000000e+00,-1.000000000000000000e+00
7.897609710693359375e+01,2.402854442596435547e+00,4.190783500671386719e+00,4.401868591308593750e+02,0.000000000000000000e+00,-1.000000000000000000e+00
9.151405334472656250e+01,5.036729946732521057e-02,8.871529698371887207e-01,9.229662322998046875e+01,4.000000000000000000e+00,-1.000000000000000000e+00
2.012154388427734375e+01,-1.086746215820312500e+00,2.305117130279541016e+00,3.349952316284179688e+01,5.000000000000000000e+00,-1.000000000000000000e+00
2.414963912963867188e+01,3.789580106735229492e+00,7.353118062019348145e-02,5.344496459960937500e+02,0.000000000000000000e+00,-1.000000000000000000e+00
2.501893043518066406e+01,-2.419932842254638672e+00,1.394311070442199707e+00,1.418262023925781250e+02,4.000000000000000000e+00,-1.000000000000000000e+00
2.823409080505371094e+01,-1.114502787590026855e+00,1.723765373229980469e+00,4.829507064819335938e+01,4.000000000000000000e+00,-1.000000000000000000e+00
2.920327949523925781e+01,-7.478784322738647461e-01,5.634216785430908203e+00,3.781587600708007812e+01,0.000000000000000000e+00,-1.000000000000000000e+00
6.348599624633789062e+01,-2.541276693344116211e+00,8.571209311485290527e-01,4.058057250976562500e+02,0.000000000000000000e+00,-1.000000000000000000e+00
7.516474151611328125e+01,-9.560918807983398438e-01,2.699845790863037109e+00,1.127254028320312500e+02,5.000000000000000000e+00,-1.000000000000000000e+00
8.044016265869140625e+01,-7.357984185218811035e-01,4.890519142150878906e+00,1.034706268310546875e+02,5.000000000000000000e+00,-1.000000000000000000e+00
1.529775810241699219e+01,-4.958772063255310059e-01,2.044469118118286133e-01,1.801344680786132812e+01,0.000000000000000000e+00,-1.000000000000000000e+00
2.687985992431640625e+01,-1.970093250274658203e+00,1.515101313591003418e+00,9.848054504394531250e+01,0.000000000000000000e+00,-1.000000000000000000e+00
2.016665649414062500e+01,-2.217162847518920898e-01,5.719955921173095703e+00,2.109445190429687500e+01,0.000000000000000000e+00,-1.000000000000000000e+00
4.786791229248046875e+01,-1.624380588531494141e+00,3.369620561599731445e+00,1.263182907104492188e+02,5.000000000000000000e+00,-1.000000000000000000e+00
5.569220733642578125e+01,2.443809747695922852e+00,4.636837959289550781e+00,3.232359313964843750e+02,5.000000000000000000e+00,-1.000000000000000000e+00
8.437339782714843750e+01,-1.402579545974731445e+00,1.334416717290878296e-01,1.820432586669921875e+02,0.000000000000000000e+00,-1.000000000000000000e+00
2.706596755981445312e+01,2.730367183685302734e+00,2.901134014129638672e+00,2.085472564697265625e+02,5.000000000000000000e+00,-1.000000000000000000e+00
3.155072593688964844e+01,1.829847842454910278e-01,2.845446109771728516e+00,3.247181320190429688e+01,0.000000000000000000e+00,-1.000000000000000000e+00
5.266031646728515625e+01,-6.445984244346618652e-01,5.943087577819824219e+00,6.529743194580078125e+01,0.000000000000000000e+00,-1.000000000000000000e+00
9.465345764160156250e+01,8.019281625747680664e-01,4.560685157775878906e+00,1.282564086914062500e+02,5.000000000000000000e+00,-1.000000000000000000e+00
1.066007843017578125e+02,3.785489201545715332e-01,1.226458430290222168e+00,1.151420440673828125e+02,0.000000000000000000e+00,-1.000000000000000000e+00
2.060833358764648438e+01,-3.048599004745483398e+00,4.867428302764892578e+00,2.178122558593750000e+02,5.000000000000000000e+00,-1.000000000000000000e+00
3.643068695068359375e+01,-3.390127122402191162e-01,1.247245430946350098e+00,3.952265548706054688e+01,5.000000000000000000e+00,-1.000000000000000000e+00
5.012293624877929688e+01,2.471752643585205078e+00,7.662161588668823242e-01,2.989785766601562500e+02,0.000000000000000000e+00,-1.000000000000000000e+00
5.408550262451171875e+01,-2.311468362808227539e+00,4.487740993499755859e+00,2.757884826660156250e+02,0.000000000000000000e+00,-1.000000000000000000e+00
6.454137420654296875e+01,-2.473697423934936523e+00,2.492983102798461914e+00,3.857254028320312500e+02,0.000000000000000000e+00,-1.000000000000000000e+00
1.420363922119140625e+02,-1.781670928001403809e+00,2.073868989944458008e+00,4.341954345703125000e+02,0.000000000000000000e+00,-1.000000000000000000e+00
1.730049896240234375e+01,-4.292418479919433594e+00,2.207603454589843750e+00,6.328476562500000000e+02,0.000000000000000000e+00,-1.000000000000000000e+00
1.616179275512695312e+01,2.008735895156860352e+00,3.368999481201171875e+00,6.163212203979492188e+01,0.000000000000000000e+00,-1.000000000000000000e+00
1.743212127685546875e+01,5.738971829414367676e-01,2.865430414676666260e-01,2.069994163513183594e+01,0.000000000000000000e+00,-1.000000000000000000e+00
2.104784202575683594e+01,-2.326351642608642578e+00,5.967875003814697266e+00,1.088650817871093750e+02,4.000000000000000000e+00,-1.000000000000000000e+00
2.763199234008789062e+01,-1.955189704895019531e+00,3.541957437992095947e-01,9.963624572753906250e+01,0.000000000000000000e+00,-1.000000000000000000e+00
3.431776809692382812e+01,-1.227355469018220901e-02,8.422674983739852905e-02,3.469924545288085938e+01,0.000000000000000000e+00,-1.000000000000000000e+00
4.440958404541015625e+01,-8.181152939796447754e-01,2.315485477447509766e+00,6.059104156494140625e+01,5.000000000000000000e+00,-1.000000000000000000e+00
4.538758850097656250e+01,-4.894436001777648926e-01,5.423885822296142578e+00,5.178237915039062500e+01,0.000000000000000000e+00,-1.000000000000000000e+00
7.336672973632812500e+01,-1.857073664665222168e+00,2.091348648071289062e+00,2.408212127685546875e+02,0.000000000000000000e+00,-1.000000000000000000e+00
8.397219848632812500e+01,-1.726145982742309570e+00,4.048520565032958984e+00,2.435240020751953125e+02,0.000000000000000000e+00,-1.000000000000000000e+00
1.853388023376464844e+01,2.481145620346069336e+00,4.747246265411376953e+00,1.116851425170898438e+02,0.000000000000000000e+00,-1.000000000000000000e+00
3.288777542114257812e+01,1.973651289939880371e+00,1.246233344078063965e+00,1.208685989379882812e+02,5.000000000000000000e+00,4.417394161224365234e+00
9.501398468017578125e+01,2.520659685134887695e+00,3.676954507827758789e+00,5.946754150390625000e+02,0.000000000000000000e+00,-1.000000000000000000e+00
1.061209487915039062e+02,2.581808567047119141e+00,2.807175815105438232e-01,7.057221069335937500e+02,4.000000000000000000e+00,-1.000000000000000000e+00
1.615428733825683594e+01,-2.602994203567504883e+00,3.501996040344238281e+00,1.097771453857421875e+02,0.000000000000000000e+00,-1.000000000000000000e+00
1.030064468383789062e+02,-6.459073424339294434e-01,1.944434762001037598e+00,1.273949813842773438e+02,4.000000000000000000e+00,-1.000000000000000000e+00
1.532912902832031250e+02,8.801545202732086182e-02,9.126113653182983398e-01,1.549823913574218750e+02,5.000000000000000000e+00,-1.000000000000000000e+00
4.892252502441406250e+02,-1.637407988309860229e-01,3.925997495651245117e+00,5.021654663085937500e+02,0.000000000000000000e+00,-1.000000000000000000e+00
2.384743118286132812e+01,-1.901502251625061035e+00,5.086141228675842285e-01,8.197650146484375000e+01,5.000000000000000000e+00,5.871188163757324219e+00
3.062178993225097656e+01,2.110254287719726562e+00,4.548016548156738281e+00,1.282990570068359375e+02,5.000000000000000000e+00,-1.000000000000000000e+00
3.049032974243164062e+01,-2.047609806060791016e+00,4.202760696411132812e+00,1.202398452758789062e+02,4.000000000000000000e+00,-1.000000000000000000e+00
3.695852661132812500e+01,1.715627670288085938e+00,3.681060314178466797e+00,1.064384231567382812e+02,0.000000000000000000e+00,-1.000000000000000000e+00
4.213741302490234375e+01,-3.422386944293975830e-02,3.459053039550781250e+00,4.317298507690429688e+01,0.000000000000000000e+00,-1.000000000000000000e+00
7.639490509033203125e+01,1.857866168022155762e+00,6.268374323844909668e-01,2.508907012939453125e+02,4.000000000000000000e+00,-1.000000000000000000e+00
7.808278656005859375e+01,1.002605080604553223e+00,1.963190287351608276e-01,1.210259170532226562e+02,0.000000000000000000e+00,-1.000000000000000000e+00
9.976385498046875000e+01,-1.537373304367065430e+00,3.078507423400878906e+00,2.428290405273437500e+02,0.000000000000000000e+00,-1.000000000000000000e+00
2.258546257019042969e+01,1.521678864955902100e-01,6.296979188919067383e-01,2.374569511413574219e+01,0.000000000000000000e+00,-1.000000000000000000e+00
2.871043586730957031e+01,5.763949751853942871e-01,5.960814952850341797e+00,3.417093658447265625e+01,0.000000000000000000e+00,-1.000000000000000000e+00
4.098979187011718750e+01,-4.763068854808807373e-01,5.517091155052185059e-01,4.600730514526367188e+01,0.000000000000000000e+00,-1.000000000000000000e+00
4.206702804565429688e+01,1.162416100502014160e+00,4.764497756958007812e+00,7.401889038085937500e+01,5.000000000000000000e+00,1.277198410034179688e+01
5.390969467163085938e+01,1.041144132614135742e+00,3.722517192363739014e-01,8.672499847412109375e+01,0.000000000000000000e+00,-1.000000000000000000e+00
6.255712890625000000e+01,-1.190042853355407715e+00,4.112497329711914062e+00,1.126994018554687500e+02,4.000000000000000000e+00,-1.000000000000000000e+00
8.131694030761718750e+01,1.542903780937194824e+00,2.793398141860961914e+00,1.992439727783203125e+02,5.000000000000000000e+00,-1.000000000000000000e+00
1.728436279296875000e+01,2.121542453765869141e+00,4.193967819213867188e+00,7.326906585693359375e+01,0.000000000000000000e+00,-1.000000000000000000e+00
1.507041931152343750e+01,-2.778056383132934570e+00,2.237141847610473633e+00,1.217133178710937500e+02,5.000000000000000000e+00,-1.000000000000000000e+00
1.941208267211914062e+01,-2.359071016311645508e+00,1.823748469352722168e+00,1.037061233520507812e+02,5.000000000000000000e+00,-1.000000000000000000e+00
2.523777961730957031e+01,2.720997631549835205e-01,5.981573581695556641e+00,2.739012908935546875e+01,0.000000000000000000e+00,-1.000000000000000000e+00
3.271995544433593750e+01,-6.373780220746994019e-02,5.204913139343261719e+00,3.343198394775390625e+01,5.000000000000000000e+00,-1.000000000000000000e+00
5.637872695922851562e+01,-8.595216274261474609e-01,1.470112442970275879e+00,7.875202941894531250e+01,0.000000000000000000e+00,-1.000000000000000000e+00
7.329395294189453125e+01,-1.159456491470336914e+00,2.824486792087554932e-01,1.286775817871093750e+02,4.000000000000000000e+00,-1.000000000000000000e+00
1.036318664550781250e+02,-5.354678630828857422e-01,5.859881877899169922e+00,1.193624420166015625e+02,5.000000000000000000e+00,-1.000000000000000000e+00
1.731586074829101562e+01,1.821220159530639648e+00,6.051141262054443359e+00,5.528755950927734375e+01,0.000000000000000000e+00,-1.000000000000000000e+00
1.620985412597656250e+01,-6.934196352958679199e-01,3.650110006332397461e+00,2.082091140747070312e+01,0.000000000000000000e+00,-1.000000000000000000e+00
2.073473548889160156e+01,-1.333119869232177734e+00,4.848347187042236328e+00,4.223501968383789062e+01,0.000000000000000000e+00,-1.000000000000000000e+00
2.521342277526855469e+01,2.125861644744873047e+00,5.355917453765869141e+00,1.072707595825195312e+02,0.000000000000000000e+00,-1.000000000000000000e+00
3.307740402221679688e+01,8.231506943702697754e-01,5.990542888641357422e+00,4.542356872558593750e+01,4.000000000000000000e+00,-1.000000000000000000e+00
3.976114654541015625e+01,1.730248808860778809e+00,1.625921845436096191e+00,1.157301406860351562e+02,0.000000000000000000e+00,-1.000000000000000000e+00
4.473517990112304688e+01,1.142198443412780762e+00,3.560353279113769531e+00,7.736934661865234375e+01,5.000000000000000000e+00,2.418828964233398438e+00
5.213164520263671875e+01,-4.088692188262939453e+00,4.826295852661132812e+00,1.555576782226562500e+03,0.000000000000000000e+00,-1.000000000000000000e+00
7.589605712890625000e+01,-5.159723758697509766e-01,2.522948741912841797e+00,8.699336242675781250e+01,5.000000000000000000e+00,-1.000000000000000000e+00
1.042073516845703125e+02,-1.997562170028686523e+00,8.407858610153198242e-01,3.912399291992187500e+02,0.000000000000000000e+00,-1.000000000000000000e+00
2.635319328308105469e+01,-1.872213006019592285e+00,1.590547800064086914e+00,8.777017974853515625e+01,0.000000000000000000e+00,-1.000000000000000000e+00
3.469266128540039062e+01,-8.128731846809387207e-01,1.591691613197326660e+00,4.720599365234375000e+01,0.000000000000000000e+00,-1.000000000000000000e+00
4.757310104370117188e+01,-1.669622421264648438e+00,3.660777807235717773e+00,1.309946594238281250e+02,5.000000000000000000e+00,-1.000000000000000000e+00
5.220792770385742188e+01,-7.530330121517181396e-02,5.986217498779296875e+00,5.267019271850585938e+01,0.000000000000000000e+00,-1.000000000000000000e+00
5.899995422363281250e+01,-1.669127583503723145e+00,4.504590034484863281e+00,1.622408752441406250e+02,4.000000000000000000e+00,2.527177095413208008e+00
7.843690490722656250e+01,-1.846431732177734375e+00,2.414482593536376953e+00,2.553474884033203125e+02,0.000000000000000000e+00,-1.000000000000000000e+00
8.467910766601562500e+01,-2.315261602401733398e+00,6.103311061859130859e+00,4.330473327636718750e+02,5.000000000000000000e+00,-1.000000000000000000e+00
1.650517082214355469e+01,4.878761768341064453e+00,7.533705211244523525e-04,1.085017456054687500e+03,0.000000000000000000e+00,-1.000000000000000000e+00
2.036398696899414062e+01,-2.723870038986206055e+00,4.567250728607177734e+00,1.559714202880859375e+02,0.000000000000000000e+00,-1.000000000000000000e+00
3.443791198730468750e+01,3.496341228485107422e+00,3.785189867019653320e+00,5.687095947265625000e+02,0.000000000000000000e+00,-1.000000000000000000e+00
3.976644515991210938e+01,6.626214385032653809e-01,5.505654335021972656e+00,4.951723480224609375e+01,5.000000000000000000e+00,-1.000000000000000000e+00
7.145991516113281250e+01,2.919085025787353516e-01,6.927084922790527344e-01,7.564054107666015625e+01,0.000000000000000000e+00,-1.000000000000000000e+00
7.696745300292968750e+01,2.681010663509368896e-01,2.743705511093139648e+00,8.080976104736328125e+01,0.000000000000000000e+00,-1.000000000000000000e+00
3.535072937011718750e+02,3.193591833114624023e-01,1.239994764328002930e+00,3.730508728027343750e+02,0.000000000000000000e+00,-1.000000000000000000e+00
2.243475914001464844e+01,-2.269653797149658203e+00,5.631239414215087891e+00,1.098464126586914062e+02,0.000000000000000000e+00,-1.000000000000000000e+00
4.489236068725585938e+01,-3.169132709503173828e+00,2.778819501399993896e-01,5.349259033203125000e+02,0.000000000000000000e+00,-1.000000000000000000e+00
1.100708084106445312e+02,-1.529475688934326172e+00,4.305995941162109375e+00,2.670006103515625000e+02,5.000000000000000000e+00,-1.000000000000000000e+00
1.099518737792968750e+02,-1.480978131294250488e+00,2.066030979156494141e+00,2.544061737060546875e+02,5.000000000000000000e+00,-1.000000000000000000e+00
1.793960380554199219e+01,-1.736517429351806641e+00,3.156124651432037354e-01,5.293817520141601562e+01,0.000000000000000000e+00,-1.000000000000000000e+00
2.302203941345214844e+01,-3.391070365905761719e+00,5.622939109802246094e+00,3.422904052734375000e+02,0.000000000000000000e+00,-1.000000000000000000e+00
2.040084838867187500e+01,7.999421954154968262e-01,4.245006084442138672e+00,2.805036735534667969e+01,0.000000000000000000e+00,-1.000000000000000000e+00
1.697688484191894531e+01,-5.193615436553955078e+00,2.235643386840820312e+00,1.528976440429687500e+03,0.000000000000000000e+00,-1.000000000000000000e+00
1.745190048217773438e+01,1.389793276786804199e+00,5.376236915588378906e+00,3.743865966796875000e+01,0.000000000000000000e+00,-1.000000000000000000e+00
3.013338279724121094e+01,2.602240800857543945e+00,4.004334449768066406e+00,2.045214691162109375e+02,0.000000000000000000e+00,-1.000000000000000000e+00
3.672273254394531250e+01,5.821757316589355469e-01,1.118796586990356445e+00,4.326065063476562500e+01,0.000000000000000000e+00,-1.000000000000000000e+00
4.296872329711914062e+01,-5.139360427856445312e-01,4.339530944824218750e+00,4.940813446044921875e+01,0.000000000000000000e+00,-1.000000000000000000e+00
4.501550292968750000e+01,-2.458526566624641418e-02,6.143577575683593750e+00,4.568322372436523438e+01,5.000000000000000000e+00,-1.000000000000000000e+00
5.261697769165039062e+01,1.268692016601562500e+00,2.379183530807495117e+00,1.017300109863281250e+02,4.000000000000000000e+00,-1.000000000000000000e+00
5.087259292602539062e+01,1.035732269287109375e+00,5.860527515411376953e+00,8.186128997802734375e+01,5.000000000000000000e+00,-1.000000000000000000e+00
6.482268524169921875e+01,-1.188686251640319824e+00,1.077159762382507324e+00,1.166629714965820312e+02,0.000000000000000000e+00,-1.000000000000000000e+00
8.998762512207031250e+01,7.983740419149398804e-02,4.314637660980224609e+00,9.138201904296875000e+01,0.000000000000000000e+00,-1.000000000000000000e+00
1.763992881774902344e+01,-3.193814277648925781e+00,3.160513401031494141e+00,2.154416351318359375e+02,0.000000000000000000e+00,-1.000000000000000000e+00
1.531895351409912109e+01,-6.028200387954711914e-01,4.180972930043935776e-03,1.830284881591796875e+01,0.000000000000000000e+00,-1.000000000000000000e+00
3.541534805297851562e+01,-1.874794811010360718e-02,2.501011371612548828e+00,3.592087936401367188e+01,5.000000000000000000e+00,9.504457473754882812e+00
6.612704467773437500e+01,-6.786020100116729736e-02,6.002017498016357422e+00,6.678533935546875000e+01,0.000000000000000000e+00,-1.000000000000000000e+00
7.423683166503906250e+01,-1.170383214950561523e+00,3.494663715362548828e+00,1.315075836181640625e+02,0.000000000000000000e+00,-1.000000000000000000e+00
8.417610168457031250e+01,-8.661718964576721191e-01,3.618912696838378906e-01,1.187087326049804688e+02,0.000000000000000000e+00,-1.000000000000000000e+00
1.280646820068359375e+02,-1.256654500961303711e+00,5.976373672485351562e+00,2.439101104736328125e+02,5.000000000000000000e+00,-1.000000000000000000e+00
1.763069534301757812e+01,-4.041493415832519531e+00,5.404608726501464844e+00,5.018676452636718750e+02,0.000000000000000000e+00,-1.000000000000000000e+00
2.255862045288085938e+01,-2.237673997879028320e+00,6.194914340972900391e+00,1.069870147705078125e+02,0.000000000000000000e+00,-1.000000000000000000e+00
2.585736656188964844e+01,-2.162215948104858398e+00,3.299621045589447021e-01,1.140559539794921875e+02,0.000000000000000000e+00,-1.000000000000000000e+00
3.588306045532226562e+01,6.374737024307250977e-01,5.158365726470947266e+00,4.378157043457031250e+01,4.000000000000000000e+00,-1.000000000000000000e+00
6.394032669067382812e+01,1.228579759597778320e+00,1.371851205825805664e+00,1.190580215454101562e+02,4.000000000000000000e+00,-1.000000000000000000e+00
6.565102386474609375e+01,8.731916546821594238e-01,2.550133705139160156e+00,9.250681304931640625e+01,5.000000000000000000e+00,-1.000000000000000000e+00
1.226310958862304688e+02,4.354951083660125732e-01,2.088632583618164062e+00,1.352433776855468750e+02,0.000000000000000000e+00,-1.000000000000000000e+00
1.248923339843750000e+02,4.448718428611755371e-01,1.036160826683044434e+00,1.380901489257812500e+02,0.000000000000000000e+00,-1.000000000000000000e+00
1.364290771484375000e+02,-2.556282579898834229e-01,1.720306277275085449e+00,1.414284973144531250e+02,5.000000000000000000e+00,9.581707954406738281e+00
3.782588500976562500e+02,6.372953057289123535e-01,4.672556400299072266e+00,4.593756713867187500e+02,4.000000000000000000e+00,1.557893657684326172e+01
1.677371978759765625e+01,4.134794771671295166e-01,3.275810241699218750e+00,1.872559356689453125e+01,0.000000000000000000e+00,-1.000000000000000000e+00
5.245503997802734375e+01,-1.532735943794250488e+00,8.174280524253845215e-01,1.273094863891601562e+02,5.000000000000000000e+00,-1.000000000000000000e+00
